{
	"credit": "Made in Blockbench by @Eveee_cx",
	"texture_size": [32, 32],
	"textures": {
		"1": "item/wind_charge"
	},
	"elements": [
		{
			"from": [4.57138, -3, 6.92862],
			"to": [11.57138, -1, 13.92862],
			"rotation": {"angle": 0, "axis": "y", "origin": [8.07138, 12.13388, 10.5]},
			"faces": {
				"north": {"uv": [8.25, 3.508, 8.492, 4.492], "texture": "#1"},
				"east": {"uv": [5.008, 3.508, 8.492, 4.492], "texture": "#1"},
				"south": {"uv": [5.008, 3.508, 5.25, 4.492], "texture": "#1"},
				"west": {"uv": [8.492, 3.508, 5.008, 4.492], "texture": "#1"},
				"up": {"uv": [5.008, 3.508, 8.492, 4.492], "rotation": 270, "texture": "#1"},
				"down": {"uv": [8.508, 0.008, 11.992, 3.492], "rotation": 270, "texture": "#1"}
			}
		},
		{
			"from": [6.32138, 25.25, 8.67862],
			"to": [9.82138, 31.5, 12.17862],
			"rotation": {"angle": 0, "axis": "y", "origin": [8.07138, 15.88388, 10.5]},
			"faces": {
				"north": {"uv": [6.508, 0.008, 6.75, 3.25], "texture": "#1"},
				"east": {"uv": [5.008, 0.008, 6.75, 3.25], "texture": "#1"},
				"south": {"uv": [5.008, 0.008, 5.25, 3.25], "texture": "#1"},
				"west": {"uv": [6.75, 0.008, 5.008, 3.25], "texture": "#1"},
				"up": {"uv": [12.008, 0.008, 13.75, 1.75], "rotation": 90, "texture": "#1"}
			}
		},
		{
			"from": [5.82138, 15.25, 7.92862],
			"to": [10.32138, 25.75, 12.92862],
			"rotation": {"angle": 0, "axis": "y", "origin": [8.07138, 15.88388, 10.5]},
			"faces": {
				"north": {"uv": [2.25, 0.008, 2.492, 5.25], "texture": "#1"},
				"east": {"uv": [0.008, 0.008, 2.492, 5.25], "texture": "#1"},
				"south": {"uv": [0.008, 0.008, 0.25, 5.25], "texture": "#1"},
				"west": {"uv": [2.492, 0.008, 0.008, 5.25], "texture": "#1"},
				"up": {"uv": [0.008, 5.25, 2.492, 5.008], "rotation": 270, "texture": "#1"},
				"down": {"uv": [2.492, 5.25, 0.008, 5.008], "rotation": 270, "texture": "#1"}
			}
		},
		{
			"from": [6.82138, 15.25, 2.92862],
			"to": [9.32138, 17.75, 7.92862],
			"rotation": {"angle": 0, "axis": "y", "origin": [8.07138, 15.88388, 10.5]},
			"faces": {
				"north": {"uv": [7.75, 4.508, 7.992, 5.75], "texture": "#1"},
				"east": {"uv": [5.508, 4.508, 7.992, 5.75], "texture": "#1"},
				"south": {"uv": [5.508, 4.508, 7.992, 5.75], "texture": "#1"},
				"west": {"uv": [5.508, 4.508, 7.992, 5.75], "rotation": 180, "texture": "#1"},
				"up": {"uv": [5.508, 4.508, 7.992, 5.75], "rotation": 270, "texture": "#1"},
				"down": {"uv": [5.508, 4.508, 7.992, 5.75], "rotation": 90, "texture": "#1"}
			}
		},
		{
			"from": [6.82138, 22.25, 2.92862],
			"to": [9.32138, 24.75, 7.92862],
			"rotation": {"angle": 0, "axis": "y", "origin": [8.07138, 22.88388, 10.5]},
			"faces": {
				"north": {"uv": [7.75, 4.508, 7.992, 5.75], "texture": "#1"},
				"east": {"uv": [5.508, 4.508, 7.992, 5.75], "texture": "#1"},
				"south": {"uv": [5.508, 4.508, 7.992, 5.75], "texture": "#1"},
				"west": {"uv": [5.508, 4.508, 7.992, 5.75], "rotation": 180, "texture": "#1"},
				"up": {"uv": [5.508, 4.508, 7.992, 5.75], "rotation": 270, "texture": "#1"},
				"down": {"uv": [5.508, 4.508, 7.992, 5.75], "rotation": 90, "texture": "#1"}
			}
		},
		{
			"from": [5.82138, 4.75, 7.92862],
			"to": [10.32138, 13.5, 12.92862],
			"rotation": {"angle": 0, "axis": "y", "origin": [8.07138, 15.88388, 10.5]},
			"faces": {
				"north": {"uv": [4.75, 0.008, 4.992, 4.492], "texture": "#1"},
				"east": {"uv": [2.508, 0.008, 4.992, 4.492], "texture": "#1"},
				"south": {"uv": [2.508, 0.008, 2.75, 4.492], "texture": "#1"},
				"west": {"uv": [4.992, 0.008, 2.508, 4.492], "texture": "#1"},
				"up": {"uv": [2.508, 2.25, 4.992, 0.008], "rotation": 270, "texture": "#1"},
				"down": {"uv": [4.992, 2.25, 2.508, 0.008], "rotation": 270, "texture": "#1"}
			}
		},
		{
			"from": [5.32138, 5.75, 7.42862],
			"to": [10.82138, 6.75, 13.42862],
			"rotation": {"angle": 0, "axis": "y", "origin": [8.07138, 13.38388, 4.5]},
			"faces": {
				"north": {"uv": [2.508, 6.508, 3.008, 7.008], "texture": "#1"},
				"east": {"uv": [2.508, 6.508, 3.008, 7.008], "texture": "#1"},
				"south": {"uv": [2.508, 6.508, 3.008, 7.008], "texture": "#1"},
				"west": {"uv": [2.508, 6.508, 3.008, 7.008], "texture": "#1"},
				"up": {"uv": [2.508, 6.508, 3.008, 7.008], "texture": "#1"},
				"down": {"uv": [2.508, 6.508, 3.008, 7.008], "texture": "#1"}
			}
		},
		{
			"from": [6.32138, 13.5, 8.42862],
			"to": [9.82138, 15.5, 12.42862],
			"rotation": {"angle": 0, "axis": "y", "origin": [8.07138, 15.88388, 10.5]},
			"faces": {
				"north": {"uv": [4.25, 6.508, 4.492, 7.492], "texture": "#1"},
				"east": {"uv": [2.508, 6.508, 4.492, 7.492], "texture": "#1"},
				"south": {"uv": [2.508, 6.508, 3.242, 7.492], "texture": "#1"},
				"west": {"uv": [4.492, 6.508, 2.508, 7.492], "texture": "#1"}
			}
		},
		{
			"from": [7.32138, 26.25, 12.17862],
			"to": [8.82138, 29.5, 13.67862],
			"rotation": {"angle": 0, "axis": "y", "origin": [8.07138, 15.88388, 10.5]},
			"faces": {
				"north": {"uv": [4.508, 6.508, 5.25, 8.25], "texture": "#1"},
				"east": {"uv": [4.508, 6.508, 5.25, 8.25], "texture": "#1"},
				"south": {"uv": [4.508, 6.508, 5.25, 8.25], "texture": "#1"},
				"west": {"uv": [4.508, 6.508, 5.25, 8.25], "texture": "#1"},
				"up": {"uv": [4.508, 6.508, 5.25, 8.25], "texture": "#1"},
				"down": {"uv": [4.508, 6.508, 5.25, 8.25], "texture": "#1"}
			}
		},
		{
			"from": [7.37138, 23.07497, 21.31501],
			"to": [8.77138, 24.32497, 23.81501],
			"rotation": {"angle": -45, "axis": "x", "origin": [8.07138, 15.88388, 10.5]},
			"faces": {
				"north": {"uv": [7.008, 1.508, 8.25, 2.25], "texture": "#1"},
				"east": {"uv": [7.008, 1.508, 8.25, 2.25], "texture": "#1"},
				"south": {"uv": [7.008, 1.508, 8.25, 2.25], "texture": "#1"},
				"west": {"uv": [7.008, 1.508, 8.25, 2.25], "texture": "#1"},
				"up": {"uv": [7.008, 1.508, 8.25, 2.25], "texture": "#1"},
				"down": {"uv": [7.008, 1.508, 8.25, 2.25], "texture": "#1"}
			}
		},
		{
			"from": [7.34638, 29.76777, 13.94638],
			"to": [8.79638, 31.26777, 17.19638],
			"rotation": {"angle": 0, "axis": "z", "origin": [8.07138, 15.88388, 10.5]},
			"faces": {
				"north": {"uv": [0.008, 7.008, 0.492, 7.75], "texture": "#1"},
				"east": {"uv": [0.008, 7.008, 0.492, 7.75], "texture": "#1"},
				"south": {"uv": [0.008, 7.008, 0.492, 7.75], "texture": "#1"},
				"west": {"uv": [0.008, 7.008, 0.492, 7.75], "texture": "#1"},
				"up": {"uv": [0.008, 7.008, 0.492, 7.75], "texture": "#1"},
				"down": {"uv": [0.008, 7.008, 0.492, 7.75], "texture": "#1"}
			}
		},
		{
			"from": [5.32138, -1, 7.42862],
			"to": [10.82138, 3, 13.42862],
			"rotation": {"angle": 0, "axis": "y", "origin": [8.07138, 12.13388, 10.5]},
			"faces": {
				"north": {"uv": [5.25, 4.508, 5.492, 6.492], "texture": "#1"},
				"east": {"uv": [2.508, 4.508, 5.492, 6.492], "texture": "#1"},
				"south": {"uv": [2.508, 4.508, 2.75, 6.492], "texture": "#1"},
				"west": {"uv": [5.492, 4.508, 2.508, 6.492], "texture": "#1"},
				"up": {"uv": [2.508, 4.508, 5.492, 6.492], "rotation": 270, "texture": "#1"}
			}
		},
		{
			"from": [6.07138, 2.75, 8.17862],
			"to": [10.07138, 4.75, 12.67862],
			"rotation": {"angle": 0, "axis": "y", "origin": [8.07138, 5.13388, 10.5]},
			"faces": {
				"north": {"uv": [7.75, 6.008, 7.508, 6.992], "texture": "#1"},
				"east": {"uv": [5.508, 6.008, 7.75, 6.992], "texture": "#1"},
				"south": {"uv": [5.75, 6.008, 5.508, 6.992], "texture": "#1"},
				"west": {"uv": [7.75, 6.008, 5.508, 6.992], "texture": "#1"}
			}
		},
		{
			"from": [8.07138, 17.75, 5.92862],
			"to": [8.07138, 20.25, 7.92862],
			"rotation": {"angle": 0, "axis": "y", "origin": [8.07138, 18.38388, 10.5]},
			"faces": {
				"east": {"uv": [7.008, 0.008, 7.992, 1.25], "texture": "#1"},
				"west": {"uv": [7.992, 0.008, 7.008, 1.25], "texture": "#1"}
			}
		}
	],
	"display": {
		"thirdperson_righthand": {
			"rotation": [-90, 0, 0],
			"translation": [0.75, 0.75, 7.75],
			"scale": [0.75, 0.75, 0.75]
		},
		"thirdperson_lefthand": {
			"rotation": [-90, 0, 0],
			"translation": [0.75, 0.75, 7.75],
			"scale": [0.75, 0.75, 0.75]
		},
		"firstperson_righthand": {
			"rotation": [-90, 2, 8],
			"translation": [2.25, 2, 7.75],
			"scale": [0.75, 0.75, 0.75]
		},
		"firstperson_lefthand": {
			"rotation": [-90, 2, 8],
			"translation": [2.25, 2, 7.75],
			"scale": [0.75, 0.75, 0.75]
		},
		"ground": {
			"rotation": [-90, 0, 0],
			"translation": [0, -2.5, 4],
			"scale": [0.62, 0.62, 0.62]
		},
		"gui": {
			"rotation": [97, -138, 101],
			"translation": [-1.5, -4, -2.5],
			"scale": [0.58, 0.58, 0.58]
		},
		"fixed": {
			"rotation": [0, -90, 0],
			"translation": [3.75, -17, 0],
			"scale": [2.9, 2.9, 2.9]
		}
	},
	"groups": [
		{
			"name": "group",
			"origin": [-6.42862, 18.38388, 8.5],
			"color": 0,
			"nbt": "{}",
			"children": [0, 1, 2, 3, 4, 5, 6, 7, 8, 9, 10, 11, 12, 13]
		}
	]
}