{
	"credit": "Made in Blockbench by @Eveee_cx",
	"texture_size": [32, 32],
	"textures": {
		"0": "item/rocket_jumper",
		"particle": "item/rocket_jumper"
	},
	"elements": [
		{
			"from": [4.07138, -3.25, 6.42862],
			"to": [12.07138, -2, 14.42862],
			"rotation": {"angle": 0, "axis": "y", "origin": [8.07138, 12.13388, 10.5]},
			"faces": {
				"north": {"uv": [8.6955, 3.508, 8.9455, 4.133], "texture": "#0"},
				"east": {"uv": [5.008, 3.508, 8.992, 4.133], "texture": "#0"},
				"south": {"uv": [5.008, 3.625, 5.25, 4.25], "texture": "#0"},
				"west": {"uv": [8.992, 3.508, 5.008, 4.133], "texture": "#0"},
				"up": {"uv": [5.008, 3.508, 8.992, 4.16425], "rotation": 270, "texture": "#0"},
				"down": {"uv": [12.008, 2.758, 15.992, 6.758], "texture": "#0"}
			}
		},
		{
			"from": [6.32138, 24.25, 8.67862],
			"to": [9.82138, 30.5, 12.17862],
			"rotation": {"angle": 0, "axis": "y", "origin": [8.07138, 15.88388, 10.5]},
			"faces": {
				"north": {"uv": [6.508, 0.008, 6.75, 3.25], "texture": "#0"},
				"east": {"uv": [5.008, 0.008, 6.75, 3.25], "texture": "#0"},
				"south": {"uv": [5.008, 0.008, 5.25, 3.25], "texture": "#0"},
				"west": {"uv": [6.75, 0.008, 5.008, 3.25], "texture": "#0"},
				"up": {"uv": [12.008, 0.008, 13.75, 1.75], "rotation": 90, "texture": "#0"}
			}
		},
		{
			"from": [5.82138, 27.25, 8.17862],
			"to": [10.32138, 29.75, 12.67862],
			"rotation": {"angle": 0, "axis": "y", "origin": [8.07138, 15.88388, 10.5]},
			"faces": {
				"north": {"uv": [15.508, 13.008, 15.992, 13.733], "texture": "#0"},
				"east": {"uv": [13.75, 13.008, 15.992, 13.758], "texture": "#0"},
				"south": {"uv": [13.75, 12.258, 15.992, 12.992], "texture": "#0"},
				"west": {"uv": [13.75, 13.008, 15.992, 13.758], "rotation": 180, "texture": "#0"},
				"up": {"uv": [12.008, 0.008, 14.258, 2.258], "rotation": 90, "texture": "#0"},
				"down": {"uv": [13.75, 13.008, 15.992, 13.71425], "rotation": 90, "texture": "#0"}
			}
		},
		{
			"from": [5.07138, 29.75, 7.42862],
			"to": [11.07138, 32, 13.42862],
			"rotation": {"angle": 0, "axis": "y", "origin": [8.07138, 15.88388, 10.5]},
			"faces": {
				"north": {"uv": [15.75, 6.758, 15.992, 7.883], "texture": "#0"},
				"east": {"uv": [13.008, 6.758, 15.992, 7.883], "texture": "#0"},
				"south": {"uv": [13.008, 11.008, 15.992, 12.133], "texture": "#0"},
				"west": {"uv": [15.992, 6.758, 13.008, 7.883], "texture": "#0"},
				"up": {"uv": [13.008, 8.008, 15.992, 10.992], "rotation": 90, "texture": "#0"},
				"down": {"uv": [13.008, 8.008, 15.992, 10.992], "rotation": 270, "texture": "#0"}
			}
		},
		{
			"from": [5.82138, 14.25, 7.92862],
			"to": [10.32138, 24.75, 12.92862],
			"rotation": {"angle": 0, "axis": "y", "origin": [8.07138, 15.88388, 10.5]},
			"faces": {
				"north": {"uv": [2.25, 0.008, 2.492, 5.25], "texture": "#0"},
				"east": {"uv": [0.008, 0.008, 2.492, 5.25], "texture": "#0"},
				"south": {"uv": [0.008, 0.008, 0.25, 5.25], "texture": "#0"},
				"west": {"uv": [2.492, 0.008, 0.008, 5.25], "texture": "#0"},
				"up": {"uv": [0.008, 5.25, 2.492, 5.008], "rotation": 270, "texture": "#0"},
				"down": {"uv": [2.492, 5.23125, 0.008, 5.008], "rotation": 270, "texture": "#0"}
			}
		},
		{
			"from": [7.67138, 23, 12.92862],
			"to": [8.67138, 24, 13.92862],
			"rotation": {"angle": 0, "axis": "y", "origin": [8.07138, 15.88388, 10.5]},
			"faces": {
				"north": {"uv": [0.492, 0.008, 0.008, 0.492], "texture": "#0"},
				"east": {"uv": [0.492, 0.008, 0.008, 0.492], "texture": "#0"},
				"south": {"uv": [0.492, 0.008, 0.008, 0.492], "texture": "#0"},
				"west": {"uv": [0.492, 0.008, 0.008, 0.492], "texture": "#0"},
				"up": {"uv": [0.492, 0.008, 0.008, 0.492], "texture": "#0"},
				"down": {"uv": [0.492, 0.008, 0.008, 0.492], "texture": "#0"}
			}
		},
		{
			"from": [7.67138, 17.25, 12.92862],
			"to": [8.67138, 18.25, 13.92862],
			"rotation": {"angle": 0, "axis": "y", "origin": [8.07138, 15.88388, 10.5]},
			"faces": {
				"north": {"uv": [0.492, 0.008, 0.008, 0.492], "texture": "#0"},
				"east": {"uv": [0.492, 0.008, 0.008, 0.492], "texture": "#0"},
				"south": {"uv": [0.492, 0.008, 0.008, 0.492], "texture": "#0"},
				"west": {"uv": [0.492, 0.008, 0.008, 0.492], "texture": "#0"},
				"up": {"uv": [0.492, 0.008, 0.008, 0.492], "texture": "#0"},
				"down": {"uv": [0.492, 0.008, 0.008, 0.492], "texture": "#0"}
			}
		},
		{
			"from": [4.67862, 14.25, 8.17862],
			"to": [5.42862, 24.75, 14.17862],
			"rotation": {"angle": 0, "axis": "y", "origin": [7.92862, 15.88388, 10.5]},
			"faces": {
				"north": {"uv": [2.984, 10.758, 2.742, 15.992], "texture": "#0"},
				"east": {"uv": [0.008, 10.75, 2.992, 15.992], "texture": "#0"},
				"south": {"uv": [0.375, 10.75, 0.008, 15.992], "texture": "#0"},
				"west": {"uv": [2.992, 10.75, 0.008, 15.992], "texture": "#0"},
				"up": {"uv": [0.008, 15.625, 2.992, 15.992], "rotation": 270, "texture": "#0"},
				"down": {"uv": [2.992, 15.625, 0.008, 15.992], "rotation": 270, "texture": "#0"}
			}
		},
		{
			"from": [4.42862, 15.75, 8.92862],
			"to": [4.42862, 23.75, 16.92862],
			"rotation": {"angle": 0, "axis": "y", "origin": [7.92862, 15.88388, 10.5]},
			"faces": {
				"east": {"uv": [6.25, 11.25, 10.25, 15.25], "rotation": 270, "texture": "#0"},
				"west": {"uv": [6.25, 15.25, 10.25, 11.25], "rotation": 270, "texture": "#0"}
			}
		},
		{
			"from": [5.42862, 14.25, 13.17862],
			"to": [8.42862, 24.75, 14.17862],
			"rotation": {"angle": 0, "axis": "y", "origin": [7.92862, 15.88388, 10.5]},
			"faces": {
				"north": {"uv": [5.5, 10.75, 4.008, 15.992], "texture": "#0"},
				"east": {"uv": [4.492, 10.75, 4.008, 15.992], "texture": "#0"},
				"south": {"uv": [5.5, 10.75, 4.008, 15.992], "texture": "#0"},
				"west": {"uv": [0.492, 10.75, 0.008, 15.992], "texture": "#0"},
				"up": {"uv": [5.5, 10.75, 4.008, 11.25], "texture": "#0"},
				"down": {"uv": [5.5, 15.508, 4.008, 15.992], "texture": "#0"}
			}
		},
		{
			"from": [6.82138, 14.25, 2.92862],
			"to": [9.32138, 16.75, 7.92862],
			"rotation": {"angle": 0, "axis": "y", "origin": [8.07138, 15.88388, 10.5]},
			"faces": {
				"north": {"uv": [7.75, 4.508, 7.992, 5.75], "texture": "#0"},
				"east": {"uv": [5.508, 4.508, 7.992, 5.75], "texture": "#0"},
				"south": {"uv": [5.508, 4.508, 7.992, 5.75], "texture": "#0"},
				"west": {"uv": [5.508, 4.508, 7.992, 5.75], "rotation": 180, "texture": "#0"},
				"up": {"uv": [5.508, 4.508, 7.992, 5.75], "rotation": 270, "texture": "#0"},
				"down": {"uv": [5.508, 4.508, 7.992, 5.75], "rotation": 90, "texture": "#0"}
			}
		},
		{
			"from": [6.82138, 21.25, 2.92862],
			"to": [9.32138, 23.75, 7.92862],
			"rotation": {"angle": 0, "axis": "y", "origin": [8.07138, 22.88388, 10.5]},
			"faces": {
				"north": {"uv": [7.75, 4.508, 7.992, 5.75], "texture": "#0"},
				"east": {"uv": [5.508, 4.508, 7.992, 5.75], "texture": "#0"},
				"south": {"uv": [5.508, 4.508, 7.992, 5.75], "texture": "#0"},
				"west": {"uv": [5.508, 4.508, 7.992, 5.75], "rotation": 180, "texture": "#0"},
				"up": {"uv": [5.508, 4.508, 7.992, 5.75], "rotation": 270, "texture": "#0"},
				"down": {"uv": [5.508, 4.508, 7.992, 5.75], "rotation": 90, "texture": "#0"}
			}
		},
		{
			"from": [5.82138, 3.75, 7.92862],
			"to": [10.32138, 12.5, 12.92862],
			"rotation": {"angle": 0, "axis": "y", "origin": [8.07138, 15.88388, 10.5]},
			"faces": {
				"north": {"uv": [4.75, 0.008, 4.992, 4.492], "texture": "#0"},
				"east": {"uv": [2.508, 0.008, 4.992, 4.492], "texture": "#0"},
				"south": {"uv": [2.508, 0.008, 2.75, 4.492], "texture": "#0"},
				"west": {"uv": [4.992, 0.008, 2.508, 4.492], "texture": "#0"},
				"up": {"uv": [2.508, 2.25, 4.992, 0.008], "rotation": 270, "texture": "#0"},
				"down": {"uv": [4.992, 2.25, 2.508, 0.008], "rotation": 270, "texture": "#0"}
			}
		},
		{
			"from": [5.32138, 4.75, 7.42862],
			"to": [10.82138, 5.75, 13.42862],
			"rotation": {"angle": 0, "axis": "y", "origin": [8.07138, 13.38388, 4.5]},
			"faces": {
				"north": {"uv": [2.508, 6.508, 2.992, 6.992], "texture": "#0"},
				"east": {"uv": [2.508, 6.508, 2.992, 6.992], "texture": "#0"},
				"south": {"uv": [2.508, 6.508, 2.992, 6.992], "texture": "#0"},
				"west": {"uv": [2.508, 6.508, 2.992, 6.992], "texture": "#0"},
				"up": {"uv": [2.508, 6.508, 2.992, 6.992], "texture": "#0"},
				"down": {"uv": [2.508, 6.508, 2.992, 6.992], "texture": "#0"}
			}
		},
		{
			"from": [6.32138, 12.5, 8.42862],
			"to": [9.82138, 14.5, 12.42862],
			"rotation": {"angle": 0, "axis": "y", "origin": [8.07138, 15.88388, 10.5]},
			"faces": {
				"north": {"uv": [4.25, 6.508, 4.492, 7.492], "texture": "#0"},
				"east": {"uv": [2.508, 6.508, 4.492, 7.492], "texture": "#0"},
				"south": {"uv": [2.508, 6.508, 3.242, 7.492], "texture": "#0"},
				"west": {"uv": [4.492, 6.508, 2.508, 7.492], "texture": "#0"}
			}
		},
		{
			"from": [5.32138, -2, 7.42862],
			"to": [10.82138, 2, 13.42862],
			"rotation": {"angle": 0, "axis": "y", "origin": [8.07138, 12.13388, 10.5]},
			"faces": {
				"north": {"uv": [5.25, 4.508, 5.492, 6.492], "texture": "#0"},
				"east": {"uv": [2.508, 4.508, 5.492, 6.492], "texture": "#0"},
				"south": {"uv": [2.508, 4.508, 2.75, 6.492], "texture": "#0"},
				"west": {"uv": [5.492, 4.508, 2.508, 6.492], "texture": "#0"},
				"up": {"uv": [2.508, 4.508, 5.492, 4.992], "rotation": 270, "texture": "#0"}
			}
		},
		{
			"from": [6.07138, 1.75, 8.17862],
			"to": [10.07138, 3.75, 12.67862],
			"rotation": {"angle": 0, "axis": "y", "origin": [8.07138, 5.13388, 10.5]},
			"faces": {
				"north": {"uv": [7.75, 6.008, 7.508, 6.992], "texture": "#0"},
				"east": {"uv": [5.508, 6.008, 7.75, 6.992], "texture": "#0"},
				"south": {"uv": [5.75, 6.008, 5.508, 6.992], "texture": "#0"},
				"west": {"uv": [7.75, 6.008, 5.508, 6.992], "texture": "#0"}
			}
		},
		{
			"from": [8.07138, 16.75, 5.92862],
			"to": [8.07138, 19.25, 7.92862],
			"rotation": {"angle": 0, "axis": "y", "origin": [8.07138, 18.38388, 10.5]},
			"faces": {
				"east": {"uv": [7.008, 0.008, 7.992, 1.25], "texture": "#0"},
				"west": {"uv": [7.992, 0.008, 7.008, 1.25], "texture": "#0"}
			}
		}
	],
	"display": {
		"thirdperson_righthand": {
			"rotation": [-90, 0, 0],
			"translation": [0.75, 0.75, 7.75],
			"scale": [0.75, 0.75, 0.75]
		},
		"thirdperson_lefthand": {
			"rotation": [-90, 0, 0],
			"translation": [0.75, 0.75, 7.75],
			"scale": [0.75, 0.75, 0.75]
		},
		"firstperson_righthand": {
			"rotation": [-90, 2, 8],
			"translation": [2.25, 2, 7.75],
			"scale": [0.75, 0.75, 0.75]
		},
		"firstperson_lefthand": {
			"rotation": [-90, 2, 8],
			"translation": [2.25, 2, 7.75],
			"scale": [0.75, 0.75, 0.75]
		},
		"ground": {
			"rotation": [-90, 0, 0],
			"translation": [0, -2.5, 4],
			"scale": [0.62, 0.62, 0.62]
		},
		"gui": {
			"rotation": [97, -138, 101],
			"translation": [-1.5, -4, -2.5],
			"scale": [0.58, 0.58, 0.58]
		},
		"fixed": {
			"rotation": [0, -90, 0],
			"translation": [3.75, -17, 0],
			"scale": [2.9, 2.9, 2.9]
		}
	},
	"groups": [
		{
			"name": "group",
			"origin": [-6.42862, 18.38388, 8.5],
			"color": 0,
			"nbt": "{}",
			"children": [0, 1, 2, 3, 4, 5, 6, 7, 8, 9, 10, 11, 12, 13, 14, 15, 16, 17]
		}
	]
}